order_item_refund_id,created_at,order_item_id,order_id,refund_amount_usd
1,2012-04-06 11:32,57,57,49.99
2,2012-04-06 11:32,74,74,49.99
3,2012-04-06 11:32,71,71,49.99
4,2012-04-06 11:32,118,118,49.99
5,2012-04-06 11:32,116,116,49.99
6,2012-04-06 11:32,147,147,49.99
7,2012-04-06 11:32,186,186,49.99
8,2012-04-06 11:32,191,191,49.99
9,2012-04-06 11:32,179,179,49.99
10,2012-04-06 11:32,199,199,49.99
11,2012-04-06 11:32,271,271,49.99
12,2012-04-06 11:32,290,290,49.99
13,2012-04-06 11:32,335,335,49.99
14,2012-04-06 11:32,382,382,49.99
15,2012-04-06 11:32,357,357,49.99
16,2012-04-06 11:32,409,409,49.99
17,2012-04-06 11:32,368,368,49.99
18,2012-04-06 11:32,391,391,49.99
19,2012-04-06 11:32,424,424,49.99
20,2012-04-06 11:32,393,393,49.99
21,2012-04-06 11:32,442,442,49.99
22,2012-04-06 11:32,472,472,49.99
23,2012-04-06 11:32,470,470,49.99
24,2012-04-06 11:32,469,469,49.99
25,2012-04-06 11:32,471,471,49.99
26,2012-04-06 11:32,468,468,49.99
27,2012-04-06 11:32,467,467,49.99
28,2012-04-06 11:32,500,500,49.99
29,2012-04-06 11:32,501,501,49.99
30,2012-04-06 11:32,568,568,49.99
31,2012-04-06 11:32,545,545,49.99
32,2012-04-06 11:32,558,558,49.99
33,2012-04-06 11:32,577,577,49.99
34,2012-04-06 11:32,648,648,49.99
35,2012-04-06 11:32,669,669,49.99
36,2012-04-06 11:32,587,587,49.99
37,2012-04-06 11:32,581,581,49.99
38,2012-04-06 11:32,584,584,49.99
39,2012-04-06 11:32,638,638,49.99
40,2012-04-06 11:32,676,676,49.99
41,2012-04-06 11:32,717,717,49.99
42,2012-04-06 11:32,661,661,49.99
43,2012-04-06 11:32,694,694,49.99
44,2012-04-06 11:32,668,668,49.99
45,2012-04-06 11:32,739,739,49.99
46,2012-04-06 11:32,718,718,49.99
47,2012-04-06 11:32,780,780,49.99
48,2012-04-06 11:32,786,786,49.99
49,2012-04-06 11:32,760,760,49.99
50,2012-04-06 11:32,844,844,49.99
51,2012-04-06 11:32,823,823,49.99
52,2012-04-06 11:32,883,883,49.99
53,2012-04-06 11:32,818,818,49.99
54,2012-04-06 11:32,900,900,49.99
55,2012-04-06 11:32,838,838,49.99
56,2012-04-06 11:32,807,807,49.99
57,2012-04-06 11:32,910,910,49.99
58,2012-04-06 11:32,849,849,49.99
59,2012-04-06 11:32,988,988,49.99
60,2012-04-06 11:32,934,934,49.99
61,2012-04-06 11:32,993,993,49.99
62,2012-04-06 11:32,950,950,49.99
63,2012-04-06 11:32,969,969,49.99
64,2012-04-06 11:32,953,953,49.99
65,2012-04-06 11:32,905,905,49.99
66,2012-04-06 11:32,941,941,49.99
67,2012-04-06 11:32,939,939,49.99
68,2012-04-06 11:32,1006,1006,49.99
69,2012-04-06 11:32,1107,1107,49.99
70,2012-04-06 11:32,1069,1069,49.99
71,2012-04-06 11:32,984,984,49.99
72,2012-04-06 11:32,1021,1021,49.99
73,2012-04-06 11:32,1129,1129,49.99
74,2012-04-06 11:32,1103,1103,49.99
75,2012-04-06 11:32,1036,1036,49.99
76,2012-04-06 11:32,1063,1063,49.99
77,2012-04-06 11:32,1078,1078,49.99
78,2012-04-06 11:32,1056,1056,49.99
79,2012-04-06 11:32,1145,1145,49.99
80,2012-04-06 11:32,1123,1123,49.99
81,2012-04-06 11:32,1226,1226,49.99
82,2012-04-06 11:32,1279,1279,49.99
83,2012-04-06 11:32,1245,1245,49.99
84,2012-04-06 11:32,1271,1271,49.99
85,2012-04-06 11:32,1167,1167,49.99
86,2012-04-06 11:32,1243,1243,49.99
87,2012-04-06 11:32,1318,1318,49.99
88,2012-04-06 11:32,1227,1227,49.99
89,2012-04-06 11:32,1283,1283,49.99
90,2012-04-06 11:32,1222,1222,49.99
91,2012-04-06 11:32,1233,1233,49.99
92,2012-04-06 11:32,1274,1274,49.99
93,2012-04-06 11:32,1426,1426,49.99
94,2012-04-06 11:32,1267,1267,49.99
95,2012-04-06 11:32,1451,1451,49.99
96,2012-04-06 11:32,1445,1445,49.99
97,2012-04-06 11:32,1393,1393,49.99
98,2012-04-06 11:32,1351,1351,49.99
99,2012-04-06 11:32,1324,1324,49.99
100,2012-04-06 11:32,1480,1480,49.99
101,2012-04-06 11:32,1422,1422,49.99
102,2012-04-06 11:32,1368,1368,49.99
103,2012-04-06 11:32,1515,1515,49.99
104,2012-04-06 11:32,1468,1468,49.99
105,2012-04-06 11:32,1525,1525,49.99
106,2012-04-06 11:32,1547,1547,49.99
107,2012-04-06 11:32,1443,1443,49.99
108,2012-04-06 11:32,1559,1559,49.99
109,2012-04-06 11:32,1576,1576,49.99
110,2012-04-06 11:32,1552,1552,49.99
111,2012-04-06 11:32,1584,1584,49.99
112,2012-04-06 11:32,1483,1483,49.99
113,2012-04-06 11:32,1532,1532,49.99
114,2012-04-06 11:32,1544,1544,49.99
115,2012-04-06 11:32,1626,1626,49.99
116,2012-04-06 11:32,1638,1638,49.99
117,2012-04-06 11:32,1528,1528,49.99
118,2012-04-06 11:32,1653,1653,49.99
119,2012-04-06 11:32,1637,1637,49.99
120,2012-04-06 11:32,1756,1756,49.99
121,2012-04-06 11:32,1660,1660,49.99
122,2012-04-06 11:32,1646,1646,49.99
123,2012-04-06 11:32,1631,1631,49.99
124,2012-04-06 11:32,1617,1617,49.99
125,2012-04-06 11:32,1779,1779,49.99
126,2012-04-06 11:32,1848,1848,49.99
127,2012-04-06 11:32,1748,1748,49.99
128,2012-04-06 11:32,1815,1815,49.99
129,2012-04-06 11:32,1604,1604,49.99
130,2012-04-06 11:32,1908,1908,49.99
131,2012-04-06 11:32,1636,1636,49.99
132,2012-04-06 11:32,2064,2064,49.99
133,2012-04-06 11:32,2051,2051,49.99
134,2012-04-06 11:32,1988,1988,49.99
135,2012-04-06 11:32,1909,1909,49.99
136,2012-04-06 11:32,1905,1905,49.99
137,2012-04-06 11:32,1961,1961,49.99
138,2012-04-06 11:32,1918,1918,49.99
139,2012-04-06 11:32,1776,1776,49.99
140,2012-04-06 11:32,2028,2028,49.99
141,2012-04-06 11:32,1797,1797,49.99
142,2012-04-06 11:32,1915,1915,49.99
143,2012-04-06 11:32,1818,1818,49.99
144,2012-04-06 11:32,1947,1947,49.99
145,2012-04-06 11:32,1745,1745,49.99
146,2012-04-06 11:32,2050,2050,49.99
147,2012-04-06 11:32,2184,2184,49.99
148,2012-04-06 11:32,2098,2098,49.99
149,2012-04-06 11:32,2045,2045,49.99
150,2012-04-06 11:32,2241,2241,49.99
151,2012-04-06 11:32,2057,2057,49.99
152,2012-04-06 11:32,2165,2165,49.99
153,2012-04-06 11:32,2147,2147,49.99
154,2012-04-06 11:32,2341,2341,49.99
155,2012-04-06 11:32,2172,2172,49.99
156,2012-04-06 11:32,2244,2244,49.99
157,2012-04-06 11:32,2202,2202,49.99
158,2012-04-06 11:32,2365,2365,49.99
159,2012-04-06 11:32,2377,2377,49.99
160,2012-04-06 11:32,2415,2415,49.99
161,2012-04-06 11:32,2337,2337,49.99
162,2012-04-06 11:32,2249,2249,49.99
163,2012-04-06 11:32,2444,2444,49.99
164,2012-04-06 11:32,2445,2445,49.99
165,2012-04-06 11:32,2323,2323,49.99
166,2012-04-06 11:32,2398,2398,49.99
167,2012-04-06 11:32,2479,2479,49.99
168,2012-04-06 11:32,2446,2446,49.99
169,2012-04-06 11:32,2431,2431,49.99
170,2012-04-06 11:32,2426,2426,49.99
171,2012-04-06 11:32,2498,2498,49.99
172,2012-04-06 11:32,2489,2489,49.99
173,2012-04-06 11:32,2504,2504,49.99
174,2012-04-06 11:32,2492,2492,49.99
175,2012-04-06 11:32,2495,2495,49.99
176,2012-04-06 11:32,2549,2549,49.99
177,2012-04-06 11:32,2525,2525,49.99
178,2012-04-06 11:32,2619,2619,49.99
179,2012-04-06 11:32,2576,2576,49.99
180,2012-04-06 11:32,2711,2711,49.99
181,2012-04-06 11:32,2715,2715,49.99
182,2012-04-06 11:32,2621,2621,49.99
183,2012-04-06 11:32,2752,2752,49.99
184,2012-04-06 11:32,2660,2660,49.99
185,2012-04-06 11:32,2790,2790,49.99
186,2012-04-06 11:32,2755,2755,49.99
187,2012-04-06 11:32,2777,2777,49.99
188,2012-04-06 11:32,2789,2789,49.99
189,2012-04-06 11:32,2805,2805,49.99
190,2012-04-06 11:32,2846,2846,59.99
191,2012-04-06 11:32,2961,2961,49.99
192,2012-04-06 11:32,2833,2833,49.99
193,2012-04-06 11:32,2911,2911,49.99
194,2012-04-06 11:32,2978,2978,49.99
195,2012-04-06 11:32,2998,2998,59.99
196,2012-04-06 11:32,2906,2906,49.99
197,2012-04-06 11:32,2913,2913,49.99
198,2012-04-06 11:32,2958,2958,49.99
199,2012-04-06 11:32,3079,3079,49.99
200,2012-04-06 11:32,3014,3014,49.99
201,2012-04-06 11:32,3019,3019,49.99
202,2012-04-06 11:32,2999,2999,49.99
203,2012-04-06 11:32,3073,3073,49.99
204,2012-04-06 11:32,3048,3048,49.99
205,2012-04-06 11:32,3067,3067,49.99
206,2012-04-06 11:32,3284,3284,59.99
207,2012-04-06 11:32,3109,3109,49.99
208,2012-04-06 11:32,3297,3297,49.99
209,2012-04-06 11:32,3199,3199,49.99
210,2012-04-06 11:32,3118,3118,49.99
211,2012-04-06 11:32,3355,3355,49.99
212,2012-04-06 11:32,3178,3178,49.99
213,2012-04-06 11:32,3380,3380,49.99
214,2012-04-06 11:32,3306,3306,49.99
215,2012-04-06 11:32,3396,3396,49.99
216,2012-04-06 11:32,3313,3313,49.99
217,2012-04-06 11:32,3487,3487,49.99
218,2012-04-06 11:32,3373,3373,49.99
219,2012-04-06 11:32,3425,3425,49.99
220,2012-04-06 11:32,3400,3400,49.99
221,2012-04-06 11:32,3316,3316,49.99
222,2012-04-06 11:32,3452,3452,49.99
223,2012-04-06 11:32,3524,3524,49.99
224,2012-04-06 11:32,3517,3517,49.99
225,2012-04-06 11:32,3417,3417,49.99
226,2012-04-06 11:32,3499,3499,59.99
227,2012-04-06 11:32,3607,3607,49.99
228,2012-04-06 11:32,3573,3573,49.99
229,2012-04-06 11:32,3563,3563,59.99
230,2012-04-06 11:32,3585,3585,49.99
231,2012-04-06 11:32,3549,3549,49.99
232,2012-04-06 11:32,3633,3633,49.99
233,2012-04-06 11:32,3632,3632,49.99
234,2012-04-06 11:32,3806,3806,49.99
235,2012-04-06 11:32,3713,3713,49.99
236,2012-04-06 11:32,3769,3769,49.99
237,2012-04-06 11:32,3764,3764,49.99
238,2012-04-06 11:32,3807,3807,49.99
239,2012-04-06 11:32,3757,3757,49.99
240,2012-04-06 11:32,3814,3814,49.99
241,2012-04-06 11:32,3798,3798,59.99
242,2012-04-06 11:32,3856,3856,49.99
243,2012-04-06 11:32,3811,3811,49.99
244,2012-04-06 11:32,3953,3953,49.99
245,2012-04-06 11:32,3866,3866,49.99
246,2012-04-06 11:32,4033,4033,49.99
247,2012-04-06 11:32,3933,3933,49.99
248,2012-04-06 11:32,4114,4114,49.99
249,2012-04-06 11:32,4112,4112,49.99
250,2012-04-06 11:32,3989,3989,49.99
251,2012-04-06 11:32,4182,4182,49.99
252,2012-04-06 11:32,4045,4045,49.99
253,2012-04-06 11:32,4005,4005,49.99
254,2012-04-06 11:32,4001,4001,49.99
255,2012-04-06 11:32,4065,4065,49.99
256,2012-04-06 11:32,4037,4037,49.99
257,2012-04-06 11:32,3993,3993,49.99
258,2012-04-06 11:32,4222,4222,49.99
259,2012-04-06 11:32,4304,4304,59.99
260,2012-04-06 11:32,4396,4396,49.99
261,2012-04-06 11:32,4344,4344,49.99
262,2012-04-06 11:32,4257,4257,49.99
263,2012-04-06 11:32,4438,4438,49.99
264,2012-04-06 11:32,4420,4420,49.99
265,2012-04-06 11:32,4444,4444,49.99
266,2012-04-06 11:32,4507,4507,49.99
267,2012-04-06 11:32,4310,4310,49.99
268,2012-04-06 11:32,4494,4494,49.99
269,2012-04-06 11:32,4543,4543,49.99
270,2012-04-06 11:32,4590,4590,49.99
271,2012-04-06 11:32,4423,4423,49.99
272,2012-04-06 11:32,4696,4696,49.99
273,2012-04-06 11:32,4564,4564,49.99
274,2012-04-06 11:32,4610,4610,49.99
275,2012-04-06 11:32,4608,4608,49.99
276,2012-04-06 11:32,4576,4576,49.99
277,2012-04-06 11:32,4710,4710,49.99
278,2012-04-06 11:32,4611,4611,49.99
279,2012-04-06 11:32,4654,4654,49.99
280,2012-04-06 11:32,4620,4620,49.99
281,2012-04-06 11:32,4679,4679,59.99
282,2012-04-06 11:32,4793,4793,49.99
283,2012-04-06 11:32,4706,4706,49.99
284,2012-04-06 11:32,4726,4726,49.99
285,2012-04-06 11:32,4825,4825,49.99
286,2012-04-06 11:32,4680,4680,49.99
287,2012-04-06 11:32,4760,4760,59.99
288,2012-04-06 11:32,4758,4758,49.99
289,2012-04-06 11:32,4989,4989,49.99
290,2012-04-06 11:32,4915,4915,49.99
291,2012-04-06 11:32,4900,4900,49.99
292,2012-04-06 11:32,4807,4807,49.99
293,2012-04-06 11:32,4874,4874,49.99
294,2012-04-06 11:32,4879,4879,49.99
295,2012-04-06 11:32,5100,5100,49.99
296,2012-04-06 11:32,5095,5095,49.99
297,2012-04-06 11:32,5051,5051,49.99
298,2012-04-06 11:32,4993,4993,49.99
299,2012-04-06 11:32,4953,4953,49.99
300,2012-04-06 11:32,4907,4907,49.99
301,2012-04-06 11:32,5023,5023,49.99
302,2012-04-06 11:32,5134,5134,49.99
303,2012-04-06 11:32,4912,4912,49.99
304,2012-04-06 11:32,5007,5007,59.99
305,2012-04-06 11:32,5082,5082,49.99
306,2012-04-06 11:32,5257,5257,59.99
307,2012-04-06 11:32,5145,5145,49.99
308,2012-04-06 11:32,5128,5128,49.99
309,2012-04-06 11:32,5113,5113,49.99
310,2012-04-06 11:32,5168,5168,49.99
311,2012-04-06 11:32,5263,5263,59.99
312,2012-04-06 11:32,5124,5124,49.99
313,2012-04-06 11:32,5289,5289,59.99
314,2012-04-06 11:32,5108,5108,49.99
315,2012-04-06 11:32,5262,5262,49.99
316,2012-04-06 11:32,5333,5333,49.99
317,2012-04-06 11:32,5422,5422,49.99
318,2012-04-06 11:32,5284,5284,49.99
319,2012-04-06 11:32,5346,5346,49.99
320,2012-04-06 11:32,5261,5261,49.99
321,2012-04-06 11:32,5386,5386,49.99
322,2012-04-06 11:32,5239,5239,59.99
323,2012-04-06 11:32,5387,5387,49.99
324,2012-04-06 11:32,5531,5531,49.99
325,2012-04-06 11:32,5523,5523,49.99
326,2012-04-06 11:32,5518,5518,49.99
327,2012-04-06 11:32,5412,5412,49.99
328,2012-04-06 11:32,5565,5565,49.99
329,2012-04-06 11:32,5323,5323,49.99
330,2012-04-06 11:32,5390,5390,49.99
331,2012-04-06 11:32,5462,5462,49.99
332,2012-04-06 11:32,5408,5408,49.99
333,2012-04-06 11:32,5430,5430,49.99
334,2012-04-06 11:32,5474,5474,49.99
335,2012-04-06 11:32,5496,5496,49.99
336,2012-04-06 11:32,5569,5569,49.99
337,2012-04-06 11:32,5405,5405,49.99
338,2012-04-06 11:32,5586,5586,49.99
339,2012-04-06 11:32,5574,5574,49.99
340,2012-04-06 11:32,5616,5616,49.99
341,2012-04-06 11:32,5451,5451,49.99
342,2012-04-06 11:32,5635,5635,49.99
343,2012-04-06 11:32,5631,5631,49.99
344,2012-04-06 11:32,5663,5663,49.99
345,2012-04-06 11:32,5700,5700,49.99
346,2012-04-06 11:32,5712,5712,49.99
347,2012-04-06 11:32,5607,5607,49.99
348,2012-04-06 11:32,5576,5576,49.99
349,2012-04-06 11:32,5683,5683,49.99
350,2012-04-06 11:32,5746,5746,49.99
351,2012-04-06 11:32,5578,5578,49.99
352,2012-04-06 11:32,5843,5843,49.99
353,2012-04-06 11:32,5650,5650,49.99
354,2012-04-06 11:32,5696,5696,49.99
355,2012-04-06 11:32,5750,5750,59.99
356,2012-04-06 11:32,5906,5906,49.99
357,2012-04-06 11:32,5847,5847,59.99
358,2012-04-06 11:32,5863,5863,49.99
359,2012-04-06 11:32,5802,5802,49.99
360,2012-04-06 11:32,5855,5855,49.99
361,2012-04-06 11:32,5799,5799,49.99
362,2012-04-06 11:32,6031,6031,49.99
363,2012-04-06 11:32,5914,5914,49.99
364,2012-04-06 11:32,5865,5865,49.99
365,2012-04-06 11:32,5938,5938,49.99
366,2012-04-06 11:32,5946,5946,49.99
367,2012-04-06 11:32,6074,6074,49.99
368,2012-04-06 11:32,6047,6047,49.99
369,2012-04-06 11:32,6158,6158,49.99
370,2012-04-06 11:32,6054,6054,49.99
371,2012-04-06 11:32,5933,5933,49.99
372,2012-04-06 11:32,5993,5993,59.99
373,2012-04-06 11:32,6052,6052,49.99
374,2012-04-06 11:32,6139,6139,49.99
375,2012-04-06 11:32,6195,6195,49.99
376,2012-04-06 11:32,6075,6075,49.99
377,2012-04-06 11:32,6059,6059,49.99
378,2012-04-06 11:32,6008,6008,49.99
379,2012-04-06 11:32,6269,6269,49.99
380,2012-04-06 11:32,6110,6110,49.99
381,2012-04-06 11:32,6226,6226,49.99
382,2012-04-06 11:32,6247,6247,49.99
383,2012-04-06 11:32,6251,6251,49.99
384,2012-04-06 11:32,6324,6324,49.99
385,2012-04-06 11:32,6103,6103,49.99
386,2012-04-06 11:32,6173,6173,49.99
387,2012-04-06 11:32,6215,6215,49.99
388,2012-04-06 11:32,6244,6244,49.99
389,2012-04-06 11:32,6395,6395,59.99
390,2012-04-06 11:32,6387,6387,49.99
391,2012-04-06 11:32,6259,6259,49.99
392,2012-04-06 11:32,6273,6273,49.99
393,2012-04-06 11:32,6421,6421,49.99
394,2012-04-06 11:32,6302,6302,49.99
395,2012-04-06 11:32,6355,6355,49.99
396,2012-04-06 11:32,6432,6432,49.99
397,2012-04-06 11:32,6528,6528,49.99
398,2012-04-06 11:32,6465,6465,49.99
399,2012-04-06 11:32,6461,6461,49.99
400,2012-04-06 11:32,6634,6634,49.99
401,2012-04-06 11:32,6451,6451,49.99
402,2012-04-06 11:32,6526,6526,49.99
403,2012-04-06 11:32,6504,6504,49.99
404,2012-04-06 11:32,6589,6589,49.99
405,2012-04-06 11:32,6627,6627,49.99
406,2012-04-06 11:32,6758,6758,49.99
407,2012-04-06 11:32,6721,6721,49.99
408,2012-04-06 11:32,6805,6805,49.99
409,2012-04-06 11:32,6743,6743,49.99
410,2012-04-06 11:32,6882,6882,49.99
411,2012-04-06 11:32,6899,6899,49.99
412,2012-04-06 11:32,6943,6943,49.99
413,2012-04-06 11:32,6750,6750,49.99
414,2012-04-06 11:32,6940,6940,49.99
415,2012-04-06 11:32,6825,6825,49.99
416,2012-04-06 11:32,6865,6865,49.99
417,2012-04-06 11:32,7009,7009,49.99
418,2012-04-06 11:32,6991,6991,49.99
419,2012-04-06 11:32,7035,7035,49.99
420,2012-04-06 11:32,6947,6947,49.99
421,2012-04-06 11:32,6952,6952,49.99
422,2012-04-06 11:32,6981,6981,49.99
423,2012-04-06 11:32,6999,6999,49.99
424,2012-04-06 11:32,7154,7154,49.99
425,2012-04-06 11:32,7250,7250,49.99
426,2012-04-06 11:32,7077,7077,49.99
427,2012-04-06 11:32,7230,7230,49.99
428,2012-04-06 11:32,7354,7351,59.99
429,2012-04-06 11:32,7164,7164,49.99
430,2012-04-06 11:32,7192,7192,49.99
431,2012-04-06 11:32,7480,7473,49.99
432,2012-04-06 11:32,7512,7503,49.99
433,2012-04-06 11:32,7259,7259,49.99
434,2012-04-06 11:32,7323,7320,49.99
435,2012-04-06 11:32,7308,7306,49.99
436,2012-04-06 11:32,7533,7522,49.99
437,2012-04-06 11:32,7582,7567,59.99
438,2012-04-06 11:32,7502,7493,49.99
439,2012-04-06 11:32,7741,7718,49.99
440,2012-04-06 11:32,7736,7713,49.99
441,2012-04-06 11:32,7636,7616,49.99
442,2012-04-06 11:32,7889,7863,49.99
443,2012-04-06 11:32,7598,7582,49.99
444,2012-04-06 11:32,7667,7647,49.99
445,2012-04-06 11:32,8014,7984,49.99
446,2012-04-06 11:32,7847,7821,49.99
447,2012-04-06 11:32,7877,7851,59.99
448,2012-04-06 11:32,7945,7916,49.99
449,2012-04-06 11:32,8101,8069,49.99
450,2012-04-06 11:32,8164,8128,49.99
451,2012-04-06 11:32,8041,8011,49.99
452,2012-04-06 11:32,7939,7910,49.99
453,2012-04-06 11:32,8049,8019,49.99
454,2012-04-06 11:32,8270,8232,49.99
455,2012-04-06 11:32,8287,8248,49.99
456,2012-04-06 11:32,8530,8481,49.99
457,2012-04-06 11:32,8521,8472,49.99
458,2012-04-06 11:32,8578,8527,49.99
459,2012-04-06 11:32,8359,8319,59.99
460,2012-04-06 11:32,8657,8604,49.99
461,2012-04-06 11:32,8637,8586,49.99
462,2012-04-06 11:32,8602,8551,49.99
463,2012-04-06 11:32,8703,8647,59.99
464,2012-04-06 11:32,8783,8722,49.99
465,2012-04-06 11:32,8732,8674,49.99
466,2012-04-06 11:32,8729,8671,49.99
467,2012-04-06 11:32,9052,8979,49.99
468,2012-04-06 11:32,8737,8678,49.99
469,2012-04-06 11:32,8911,8843,49.99
470,2012-04-06 11:32,8675,8622,59.99
471,2012-04-06 11:32,9086,9010,49.99
472,2012-04-06 11:32,8856,8789,49.99
473,2012-04-06 11:32,8836,8770,49.99
474,2012-04-06 11:32,8935,8867,49.99
475,2012-04-06 11:32,8967,8896,59.99
476,2012-04-06 11:32,8957,8887,49.99
477,2012-04-06 11:32,8929,8861,49.99
478,2012-04-06 11:32,8978,8906,49.99
479,2012-04-06 11:32,8997,8925,49.99
480,2012-04-06 11:32,9069,8996,49.99
481,2012-04-06 11:32,9181,9103,59.99
482,2012-04-06 11:32,8992,8920,49.99
483,2012-04-06 11:32,9378,9297,49.99
484,2012-04-06 11:32,8915,8847,49.99
485,2012-04-06 11:32,9386,9304,59.99
486,2012-04-06 11:32,9344,9264,49.99
487,2012-04-06 11:32,8849,8782,49.99
488,2012-04-06 11:32,9407,9324,59.99
489,2012-04-06 11:32,9359,9278,49.99
490,2012-04-06 11:32,9550,9456,45.99
491,2012-04-06 11:32,9324,9244,49.99
492,2012-04-06 11:32,9406,9324,49.99
493,2012-04-06 11:32,9443,9356,49.99
494,2012-04-06 11:32,9753,9637,45.99
495,2012-04-06 11:32,9705,9593,49.99
496,2012-04-06 11:32,9831,9708,49.99
497,2012-04-06 11:32,9632,9530,49.99
498,2012-04-06 11:32,9717,9604,49.99
499,2012-04-06 11:32,9413,9330,49.99
500,2012-04-06 11:32,9662,9557,49.99
501,2012-04-06 11:32,9668,9562,49.99
502,2012-04-06 11:32,9844,9720,45.99
503,2012-04-06 11:32,9508,9417,45.99
504,2012-04-06 11:32,9752,9636,49.99
505,2012-04-06 11:32,9658,9553,45.99
506,2012-04-06 11:32,9886,9759,45.99
507,2012-04-06 11:32,9821,9700,49.99
508,2012-04-06 11:32,9611,9512,49.99
509,2012-04-06 11:32,9971,9838,59.99
510,2012-04-06 11:32,10104,9949,45.99
511,2012-04-06 11:32,10075,9925,45.99
512,2012-04-06 11:32,10047,9903,45.99
513,2012-04-06 11:32,10274,10098,49.99
514,2012-04-06 11:32,9891,9763,45.99
515,2012-04-06 11:32,10068,9919,49.99
516,2012-04-06 11:32,10285,10109,49.99
517,2012-04-06 11:32,10207,10041,45.99
518,2012-04-06 11:32,10321,10143,59.99
519,2012-04-06 11:32,10509,10309,45.99
520,2012-04-06 11:32,10430,10241,59.99
521,2012-04-06 11:32,10330,10151,45.99
522,2012-04-06 11:32,10604,10395,45.99
523,2012-04-06 11:32,10540,10335,45.99
524,2012-04-06 11:32,10301,10124,49.99
525,2012-04-06 11:32,10334,10155,49.99
526,2012-04-06 11:32,10699,10478,45.99
527,2012-04-06 11:32,10577,10371,49.99
528,2012-04-06 11:32,10373,10191,49.99
529,2012-04-06 11:32,10503,10304,49.99
530,2012-04-06 11:32,10707,10486,49.99
531,2012-04-06 11:32,10771,10540,49.99
532,2012-04-06 11:32,10385,10202,45.99
533,2012-04-06 11:32,10671,10454,49.99
534,2012-04-06 11:32,10669,10453,49.99
535,2012-04-06 11:32,10820,10582,45.99
536,2012-04-06 11:32,10513,10312,49.99
537,2012-04-06 11:32,10690,10470,59.99
538,2012-04-06 11:32,10977,10719,49.99
539,2012-04-06 11:32,10673,10456,49.99
540,2012-04-06 11:32,10854,10610,45.99
541,2012-04-06 11:32,10653,10439,49.99
542,2012-04-06 11:32,10624,10413,49.99
543,2012-04-06 11:32,10618,10408,59.99
544,2012-04-06 11:32,10859,10615,49.99
545,2012-04-06 11:32,10792,10558,49.99
546,2012-04-06 11:32,10721,10497,49.99
547,2012-04-06 11:32,10949,10693,49.99
548,2012-04-06 11:32,10786,10553,49.99
549,2012-04-06 11:32,10746,10519,49.99
550,2012-04-06 11:32,10934,10678,45.99
551,2012-04-06 11:32,10851,10607,49.99
552,2012-04-06 11:32,10994,10736,49.99
553,2012-04-06 11:32,10965,10707,49.99
554,2012-04-06 11:32,11162,10885,49.99
555,2012-04-06 11:32,11368,11062,49.99
556,2012-04-06 11:32,11313,11018,49.99
557,2012-04-06 11:32,11030,10769,49.99
558,2012-04-06 11:32,11110,10839,45.99
559,2012-04-06 11:32,11418,11106,49.99
560,2012-04-06 11:32,11153,10877,49.99
561,2012-04-06 11:32,11155,10878,49.99
562,2012-04-06 11:32,11554,11208,45.99
563,2012-04-06 11:32,11525,11188,49.99
564,2012-04-06 11:32,11455,11139,49.99
565,2012-04-06 11:32,11199,10917,45.99
566,2012-04-06 11:32,11272,10983,49.99
567,2012-04-06 11:32,11144,10869,45.99
568,2012-04-06 11:32,11393,11084,45.99
569,2012-04-06 11:32,11184,10904,49.99
570,2012-04-06 11:32,11482,11157,45.99
571,2012-04-06 11:32,11439,11124,49.99
572,2012-04-06 11:32,11758,11367,59.99
573,2012-04-06 11:32,11788,11390,45.99
574,2012-04-06 11:32,11550,11206,45.99
575,2012-04-06 11:32,11600,11244,49.99
576,2012-04-06 11:32,11493,11165,29.99
577,2012-04-06 11:32,11557,11211,49.99
578,2012-04-06 11:32,11944,11511,45.99
579,2012-04-06 11:32,12144,11658,49.99
580,2012-04-06 11:32,12068,11603,49.99
581,2012-04-06 11:32,11629,11265,59.99
582,2012-04-06 11:32,12174,11680,49.99
583,2012-04-06 11:32,12330,11787,45.99
584,2012-04-06 11:32,11825,11419,59.99
585,2012-04-06 11:32,11955,11522,59.99
586,2012-04-06 11:32,11778,11382,59.99
587,2012-04-06 11:32,12044,11588,49.99
588,2012-04-06 11:32,12097,11626,49.99
589,2012-04-06 11:32,12320,11780,45.99
590,2012-04-06 11:32,12444,11877,49.99
591,2012-04-06 11:32,12175,11681,45.99
592,2012-04-06 11:32,12373,11822,49.99
593,2012-04-06 11:32,12438,11873,45.99
594,2012-04-06 11:32,11974,11535,59.99
595,2012-04-06 11:32,12122,11643,45.99
596,2012-04-06 11:32,12430,11866,29.99
597,2012-04-06 11:32,12035,11582,49.99
598,2012-04-06 11:32,12359,11811,45.99
599,2012-04-06 11:32,12406,11848,49.99
600,2012-04-06 11:32,12135,11652,49.99
601,2012-04-06 11:32,12287,11760,45.99
602,2012-04-06 11:32,12608,11999,49.99
603,2012-04-06 11:32,12744,12101,49.99
604,2012-04-06 11:32,12737,12095,49.99
605,2012-04-06 11:32,12761,12115,45.99
606,2012-04-06 11:32,12403,11845,49.99
607,2012-04-06 11:32,12544,11951,49.99
608,2012-04-06 11:32,12531,11941,49.99
609,2012-04-06 11:32,12591,11987,49.99
610,2012-04-06 11:32,12738,12096,49.99
611,2012-04-06 11:32,12560,11964,45.99
612,2012-04-06 11:32,13175,12436,49.99
613,2012-04-06 11:32,12869,12198,49.99
614,2012-04-06 11:32,12724,12085,49.99
615,2012-04-06 11:32,12844,12179,59.99
616,2012-04-06 11:32,13224,12470,49.99
617,2012-04-06 11:32,13251,12491,45.99
618,2012-04-06 11:32,12902,12225,45.99
619,2012-04-06 11:32,13003,12295,49.99
620,2012-04-06 11:32,12970,12273,45.99
621,2012-04-06 11:32,13150,12414,49.99
622,2012-04-06 11:32,13405,12601,49.99
623,2012-04-06 11:32,13530,12694,45.99
624,2012-04-06 11:32,12960,12267,45.99
625,2012-04-06 11:32,13165,12428,49.99
626,2012-04-06 11:32,13651,12783,49.99
627,2012-04-06 11:32,13259,12497,45.99
628,2012-04-06 11:32,13108,12377,49.99
629,2012-04-06 11:32,13230,12474,29.99
630,2012-04-06 11:32,13669,12798,49.99
631,2012-04-06 11:32,13542,12704,49.99
632,2012-04-06 11:32,13508,12677,45.99
633,2012-04-06 11:32,13343,12553,59.99
634,2012-04-06 11:32,13606,12749,45.99
635,2012-04-06 11:32,13438,12626,45.99
636,2012-04-06 11:32,13400,12596,49.99
637,2012-04-06 11:32,13817,12905,49.99
638,2012-04-06 11:32,13452,12637,49.99
639,2012-04-06 11:32,13903,12967,45.99
640,2012-04-06 11:32,13904,12968,45.99
641,2012-04-06 11:32,13458,12640,49.99
642,2012-04-06 11:32,13769,12868,45.99
643,2012-04-06 11:32,13855,12932,45.99
644,2012-04-06 11:32,13766,12866,49.99
645,2012-04-06 11:32,13956,13006,45.99
646,2012-04-06 11:32,13983,13028,45.99
647,2012-04-06 11:32,13962,13011,49.99
648,2012-04-06 11:32,13939,12994,49.99
649,2012-04-06 11:32,13798,12891,45.99
650,2012-04-06 11:32,14161,13162,49.99
651,2012-04-06 11:32,13934,12989,49.99
652,2012-04-06 11:32,14244,13227,49.99
653,2012-04-06 11:32,14320,13285,49.99
654,2012-04-06 11:32,14331,13293,49.99
655,2012-04-06 11:32,13883,12951,59.99
656,2012-04-06 11:32,14397,13339,45.99
657,2012-04-06 11:32,14216,13206,49.99
658,2012-04-06 11:32,13964,13012,49.99
659,2012-04-06 11:32,14429,13361,49.99
660,2012-04-06 11:32,14175,13172,49.99
661,2012-04-06 11:32,14377,13324,49.99
662,2012-04-06 11:32,14160,13161,49.99
663,2012-04-06 11:32,14610,13503,49.99
664,2012-04-06 11:32,14798,13640,49.99
665,2012-04-06 11:32,14407,13345,49.99
666,2012-04-06 11:32,14803,13644,49.99
667,2012-04-06 11:32,14466,13389,49.99
668,2012-04-06 11:32,14432,13363,49.99
669,2012-04-06 11:32,14721,13586,45.99
670,2012-04-06 11:32,14444,13372,49.99
671,2012-04-06 11:32,14985,13785,49.99
672,2012-04-06 11:32,14591,13489,45.99
673,2012-04-06 11:32,14427,13360,49.99
674,2012-04-06 11:32,14920,13737,45.99
675,2012-04-06 11:32,14975,13778,49.99
676,2012-04-06 11:32,15005,13798,49.99
677,2012-04-06 11:32,14785,13630,45.99
678,2012-04-06 11:32,14832,13667,45.99
679,2012-04-06 11:32,14766,13618,45.99
680,2012-04-06 11:32,15133,13889,59.99
681,2012-04-06 11:32,14554,13458,49.99
682,2012-04-06 11:32,15207,13946,45.99
683,2012-04-06 11:32,14628,13516,45.99
684,2012-04-06 11:32,14838,13672,49.99
685,2012-04-06 11:32,15115,13875,49.99
686,2012-04-06 11:32,14855,13687,49.99
687,2012-04-06 11:32,15256,13986,45.99
688,2012-04-06 11:32,14851,13683,49.99
689,2012-04-06 11:32,14742,13602,49.99
690,2012-04-06 11:32,15353,14054,49.99
691,2012-04-06 11:32,14996,13792,59.99
692,2012-04-06 11:32,15391,14081,45.99
693,2012-04-06 11:32,14771,13622,49.99
694,2012-04-06 11:32,15140,13894,45.99
695,2012-04-06 11:32,15188,13930,49.99
696,2012-04-06 11:32,14946,13756,45.99
697,2012-04-06 11:32,15108,13871,49.99
698,2012-04-06 11:32,15811,14392,49.99
699,2012-04-06 11:32,15518,14172,29.99
700,2012-04-06 11:32,15255,13985,59.99
701,2012-04-06 11:32,15848,14419,45.99
702,2012-04-06 11:32,15266,13994,29.99
703,2012-04-06 11:32,15399,14086,49.99
704,2012-04-06 11:32,15377,14070,45.99
705,2012-04-06 11:32,15926,14476,45.99
706,2012-04-06 11:32,15482,14146,29.99
707,2012-04-06 11:32,15571,14213,45.99
708,2012-04-06 11:32,15703,14314,45.99
709,2012-04-06 11:32,15508,14165,45.99
710,2012-04-06 11:32,15709,14317,59.99
711,2012-04-06 11:32,15833,14408,45.99
712,2012-04-06 11:32,15630,14260,45.99
713,2012-04-06 11:32,16082,14585,29.99
714,2012-04-06 11:32,15462,14131,29.99
715,2012-04-06 11:32,15924,14475,49.99
716,2012-04-06 11:32,15593,14230,49.99
717,2012-04-06 11:32,16030,14547,45.99
718,2012-04-06 11:32,16020,14542,49.99
719,2012-04-06 11:32,15824,14401,45.99
720,2012-04-06 11:32,15853,14423,45.99
721,2012-04-06 11:32,16235,14697,45.99
722,2012-04-06 11:32,15843,14416,45.99
723,2012-04-06 11:32,16056,14566,49.99
724,2012-04-06 11:32,16173,14653,45.99
725,2012-04-06 11:32,16633,14989,49.99
726,2012-04-06 11:32,16418,14830,49.99
727,2012-04-06 11:32,15974,14507,49.99
728,2012-04-06 11:32,16565,14936,49.99
729,2012-04-06 11:32,16416,14828,45.99
730,2012-04-06 11:32,16329,14766,45.99
731,2012-04-06 11:32,16304,14747,59.99
732,2012-04-06 11:32,16062,14570,49.99
733,2012-04-06 11:32,16414,14827,49.99
734,2012-04-06 11:32,16618,14975,49.99
735,2012-04-06 11:32,16257,14715,49.99
736,2012-04-06 11:32,16627,14984,49.99
737,2012-04-06 11:32,17110,15338,49.99
738,2012-04-06 11:32,16378,14801,49.99
739,2012-04-06 11:32,16851,15148,49.99
740,2012-04-06 11:32,16641,14993,45.99
741,2012-04-06 11:32,16690,15033,45.99
742,2012-04-06 11:32,16670,15016,49.99
743,2012-04-06 11:32,17234,15436,59.99
744,2012-04-06 11:32,17089,15323,45.99
745,2012-04-06 11:32,17214,15419,59.99
746,2012-04-06 11:32,17273,15465,45.99
747,2012-04-06 11:32,17132,15353,29.99
748,2012-04-06 11:32,17360,15523,49.99
749,2012-04-06 11:32,16879,15166,45.99
750,2012-04-06 11:32,16962,15229,49.99
751,2012-04-06 11:32,17620,15715,49.99
752,2012-04-06 11:32,16956,15224,49.99
753,2012-04-06 11:32,17510,15633,45.99
754,2012-04-06 11:32,17459,15596,49.99
755,2012-04-06 11:32,17173,15388,49.99
756,2012-04-06 11:32,17265,15458,59.99
757,2012-04-06 11:32,17642,15732,49.99
758,2012-04-06 11:32,17482,15613,49.99
759,2012-04-06 11:32,17750,15810,59.99
760,2012-04-06 11:32,17601,15702,49.99
761,2012-04-06 11:32,17881,15908,49.99
762,2012-04-06 11:32,17857,15890,49.99
763,2012-04-06 11:32,17385,15539,49.99
764,2012-04-06 11:32,17209,15415,49.99
765,2012-04-06 11:32,17419,15565,49.99
766,2012-04-06 11:32,17938,15946,49.99
767,2012-04-06 11:32,17403,15555,49.99
768,2012-04-06 11:32,17354,15519,49.99
769,2012-04-06 11:32,17829,15870,49.99
770,2012-04-06 11:32,17751,15811,49.99
771,2012-04-06 11:32,17619,15714,45.99
772,2012-04-06 11:32,18032,16015,45.99
773,2012-04-06 11:32,17554,15668,49.99
774,2012-04-06 11:32,18080,16053,49.99
775,2012-04-06 11:32,17845,15879,49.99
776,2012-04-06 11:32,17672,15752,59.99
777,2012-04-06 11:32,18019,16005,49.99
778,2012-04-06 11:32,18320,16227,29.99
779,2012-04-06 11:32,18110,16073,29.99
780,2012-04-06 11:32,17848,15882,49.99
781,2012-04-06 11:32,18271,16192,49.99
782,2012-04-06 11:32,18288,16204,49.99
783,2012-04-06 11:32,17755,15814,45.99
784,2012-04-06 11:32,18146,16101,49.99
785,2012-04-06 11:32,18415,16302,49.99
786,2012-04-06 11:32,17856,15889,49.99
787,2012-04-06 11:32,18070,16045,29.99
788,2012-04-06 11:32,18375,16274,49.99
789,2012-04-06 11:32,18327,16233,49.99
790,2012-04-06 11:32,18053,16033,49.99
791,2012-04-06 11:32,18573,16422,49.99
792,2012-04-06 11:32,17828,15869,45.99
793,2012-04-06 11:32,18419,16305,49.99
794,2012-04-06 11:32,18301,16215,49.99
795,2012-04-06 11:32,18389,16284,29.99
796,2012-04-06 11:32,18049,16029,45.99
797,2012-04-06 11:32,18100,16067,49.99
798,2012-04-06 11:32,18698,16514,49.99
799,2012-04-06 11:32,18267,16189,49.99
800,2012-04-06 11:32,18609,16445,45.99
801,2012-04-06 11:32,18090,16060,59.99
802,2012-04-06 11:32,18312,16223,49.99
803,2012-04-06 11:32,18072,16047,49.99
804,2012-04-06 11:32,18686,16503,49.99
805,2012-04-06 11:32,18847,16628,45.99
806,2012-04-06 11:32,18226,16160,45.99
807,2012-04-06 11:32,18599,16438,59.99
808,2012-04-06 11:32,18713,16526,59.99
809,2012-04-06 11:32,18804,16596,45.99
810,2012-04-06 11:32,18542,16398,49.99
811,2012-04-06 11:32,19138,16836,45.99
812,2012-04-06 11:32,18720,16531,49.99
813,2012-04-06 11:32,18602,16440,59.99
814,2012-04-06 11:32,19100,16814,49.99
815,2012-04-06 11:32,18532,16392,49.99
816,2012-04-06 11:32,18903,16671,45.99
817,2012-04-06 11:32,18658,16481,49.99
818,2012-04-06 11:32,18786,16582,45.99
819,2012-04-06 11:32,18578,16425,49.99
820,2012-04-06 11:32,18954,16704,49.99
821,2012-04-06 11:32,19097,16811,59.99
822,2012-04-06 11:32,19235,16908,49.99
823,2012-04-06 11:32,19318,16971,49.99
824,2012-04-06 11:32,19052,16781,49.99
825,2012-04-06 11:32,19213,16890,29.99
826,2012-04-06 11:32,19268,16936,45.99
827,2012-04-06 11:32,18719,16530,49.99
828,2012-04-06 11:32,19335,16984,49.99
829,2012-04-06 11:32,19076,16796,29.99
830,2012-04-06 11:32,18777,16577,49.99
831,2012-04-06 11:32,18849,16630,49.99
832,2012-04-06 11:32,18826,16613,59.99
833,2012-04-06 11:32,18922,16684,45.99
834,2012-04-06 11:32,18889,16660,49.99
835,2012-04-06 11:32,19025,16761,49.99
836,2012-04-06 11:32,19336,16985,49.99
837,2012-04-06 11:32,19220,16896,49.99
838,2012-04-06 11:32,19216,16893,49.99
839,2012-04-06 11:32,18994,16738,45.99
840,2012-04-06 11:32,19103,16816,49.99
841,2012-04-06 11:32,19529,17127,29.99
842,2012-04-06 11:32,19206,16885,45.99
843,2012-04-06 11:32,19029,16764,49.99
844,2012-04-06 11:32,19232,16905,59.99
845,2012-04-06 11:32,19606,17189,49.99
846,2012-04-06 11:32,19272,16939,49.99
847,2012-04-06 11:32,19433,17058,59.99
848,2012-04-06 11:32,19558,17150,49.99
849,2012-04-06 11:32,19251,16921,49.99
850,2012-04-06 11:32,19451,17070,45.99
851,2012-04-06 11:32,19174,16862,49.99
852,2012-04-06 11:32,19140,16838,49.99
853,2012-04-06 11:32,19342,16990,49.99
854,2012-04-06 11:32,19281,16944,49.99
855,2012-04-06 11:32,19728,17280,49.99
856,2012-04-06 11:32,19822,17349,49.99
857,2012-04-06 11:32,19332,16981,45.99
858,2012-04-06 11:32,19858,17375,49.99
859,2012-04-06 11:32,19347,16994,59.99
860,2012-04-06 11:32,20036,17508,49.99
861,2012-04-06 11:32,19981,17467,49.99
862,2012-04-06 11:32,19866,17381,29.99
863,2012-04-06 11:32,20132,17575,49.99
864,2012-04-06 11:32,19831,17355,59.99
865,2012-04-06 11:32,20189,17614,49.99
866,2012-04-06 11:32,19942,17437,49.99
867,2012-04-06 11:32,19684,17246,45.99
868,2012-04-06 11:32,19635,17211,49.99
869,2012-04-06 11:32,20129,17573,49.99
870,2012-04-06 11:32,19671,17236,59.99
871,2012-04-06 11:32,20022,17498,59.99
872,2012-04-06 11:32,19811,17340,49.99
873,2012-04-06 11:32,20160,17596,45.99
874,2012-04-06 11:32,20210,17630,49.99
875,2012-04-06 11:32,20371,17755,45.99
876,2012-04-06 11:32,20380,17761,49.99
877,2012-04-06 11:32,20339,17730,49.99
878,2012-04-06 11:32,19797,17330,59.99
879,2012-04-06 11:32,20262,17674,29.99
880,2012-04-06 11:32,19848,17368,49.99
881,2012-04-06 11:32,20355,17743,49.99
882,2012-04-06 11:32,19933,17430,49.99
883,2012-04-06 11:32,20171,17603,49.99
884,2012-04-06 11:32,19919,17418,49.99
885,2012-04-06 11:32,20070,17530,45.99
886,2012-04-06 11:32,20116,17564,49.99
887,2012-04-06 11:32,20288,17693,49.99
888,2012-04-06 11:32,20439,17805,49.99
889,2012-04-06 11:32,20092,17547,49.99
890,2012-04-06 11:32,20374,17757,49.99
891,2012-04-06 11:32,20620,17934,45.99
892,2012-04-06 11:32,20645,17954,49.99
893,2012-04-06 11:32,20342,17733,45.99
894,2012-04-06 11:32,20425,17796,59.99
895,2012-04-06 11:32,20506,17855,49.99
896,2012-04-06 11:32,20276,17685,59.99
897,2012-04-06 11:32,20740,18022,49.99
898,2012-04-06 11:32,20469,17829,59.99
899,2012-04-06 11:32,21063,18259,49.99
900,2012-04-06 11:32,20316,17714,45.99
901,2012-04-06 11:32,20779,18051,49.99
902,2012-04-06 11:32,20773,18046,45.99
903,2012-04-06 11:32,20398,17776,29.99
904,2012-04-06 11:32,20607,17926,49.99
905,2012-04-06 11:32,20621,17935,49.99
906,2012-04-06 11:32,21221,18376,45.99
907,2012-04-06 11:32,20990,18205,49.99
908,2012-04-06 11:32,20973,18192,49.99
909,2012-04-06 11:32,21303,18438,45.99
910,2012-04-06 11:32,20876,18124,49.99
911,2012-04-06 11:32,21205,18364,49.99
912,2012-04-06 11:32,21103,18287,49.99
913,2012-04-06 11:32,21014,18222,49.99
914,2012-04-06 11:32,21349,18472,45.99
915,2012-04-06 11:32,21306,18441,49.99
916,2012-04-06 11:32,21084,18274,59.99
917,2012-04-06 11:32,21143,18319,45.99
918,2012-04-06 11:32,21025,18230,49.99
919,2012-04-06 11:32,21011,18219,49.99
920,2012-04-06 11:32,20991,18206,45.99
921,2012-04-06 11:32,21254,18402,49.99
922,2012-04-06 11:32,21223,18377,49.99
923,2012-04-06 11:32,21507,18592,49.99
924,2012-04-06 11:32,21421,18529,45.99
925,2012-04-06 11:32,21744,18767,49.99
926,2012-04-06 11:32,21714,18743,49.99
927,2012-04-06 11:32,21345,18470,49.99
928,2012-04-06 11:32,21882,18871,49.99
929,2012-04-06 11:32,21356,18478,45.99
930,2012-04-06 11:32,21276,18419,49.99
931,2012-04-06 11:32,21319,18451,49.99
932,2012-04-06 11:32,21639,18690,49.99
933,2012-04-06 11:32,22216,19116,49.99
934,2012-04-06 11:32,22133,19054,49.99
935,2012-04-06 11:32,22129,19050,49.99
936,2012-04-06 11:32,21423,18530,45.99
937,2012-04-06 11:32,22155,19070,49.99
938,2012-04-06 11:32,21829,18830,45.99
939,2012-04-06 11:32,22107,19032,49.99
940,2012-04-06 11:32,22123,19046,49.99
941,2012-04-06 11:32,22215,19115,49.99
942,2012-04-06 11:32,21855,18849,45.99
943,2012-04-06 11:32,22166,19078,49.99
944,2012-04-06 11:32,22169,19081,49.99
945,2012-04-06 11:32,22208,19110,49.99
946,2012-04-06 11:32,22247,19138,49.99
947,2012-04-06 11:32,21939,18915,45.99
948,2012-04-06 11:32,22118,19042,59.99
949,2012-04-06 11:32,22142,19060,49.99
950,2012-04-06 11:32,22267,19154,45.99
951,2012-04-06 11:32,21841,18839,49.99
952,2012-04-06 11:32,22201,19105,45.99
953,2012-04-06 11:32,22177,19086,45.99
954,2012-04-06 11:32,22336,19206,49.99
955,2012-04-06 11:32,22316,19191,49.99
956,2012-04-06 11:32,22117,19041,45.99
957,2012-04-06 11:32,21592,18657,59.99
958,2012-04-06 11:32,21876,18866,49.99
959,2012-04-06 11:32,22375,19237,49.99
960,2012-04-06 11:32,21889,18877,49.99
961,2012-04-06 11:32,22481,19313,45.99
962,2012-04-06 11:32,22270,19157,49.99
963,2012-04-06 11:32,22312,19188,49.99
964,2012-04-06 11:32,21794,18805,45.99
965,2012-04-06 11:32,22505,19329,49.99
966,2012-04-06 11:32,22356,19222,49.99
967,2012-04-06 11:32,22068,19005,49.99
968,2012-04-06 11:32,22167,19079,49.99
969,2012-04-06 11:32,22357,19223,49.99
970,2012-04-06 11:32,21887,18876,49.99
971,2012-04-06 11:32,22545,19358,45.99
972,2012-04-06 11:32,22388,19247,49.99
973,2012-04-06 11:32,22397,19254,49.99
974,2012-04-06 11:32,22330,19202,49.99
975,2012-04-06 11:32,22361,19226,49.99
976,2012-04-06 11:32,22560,19369,49.99
977,2012-04-06 11:32,21988,18951,49.99
978,2012-04-06 11:32,22371,19234,49.99
979,2012-04-06 11:32,22462,19300,49.99
980,2012-04-06 11:32,22680,19456,49.99
981,2012-04-06 11:32,22199,19104,49.99
982,2012-04-06 11:32,22648,19433,49.99
983,2012-04-06 11:32,22180,19089,49.99
984,2012-04-06 11:32,22292,19174,49.99
985,2012-04-06 11:32,22621,19412,49.99
986,2012-04-06 11:32,22087,19018,49.99
987,2012-04-06 11:32,22148,19064,49.99
988,2012-04-06 11:32,22784,19531,49.99
989,2012-04-06 11:32,22610,19403,49.99
990,2012-04-06 11:32,22442,19285,49.99
991,2012-04-06 11:32,22219,19118,49.99
992,2012-04-06 11:32,22437,19282,49.99
993,2012-04-06 11:32,22268,19155,49.99
994,2012-04-06 11:32,22699,19470,49.99
995,2012-04-06 11:32,22506,19330,49.99
996,2012-04-06 11:32,22586,19386,49.99
997,2012-04-06 11:32,22671,19449,49.99
998,2012-04-06 11:32,22807,19547,49.99
999,2012-04-06 11:32,22805,19545,45.99
1000,2012-04-06 11:32,22644,19429,49.99
1001,2012-04-06 11:32,22766,19517,45.99
1002,2012-04-06 11:32,22823,19558,49.99
1003,2012-04-06 11:32,22359,19225,49.99
1004,2012-04-06 11:32,22690,19464,29.99
1005,2012-04-06 11:32,22526,19345,49.99
1006,2012-04-06 11:32,22276,19161,49.99
1007,2012-04-06 11:32,22343,19211,49.99
1008,2012-04-06 11:32,22637,19423,49.99
1009,2012-04-06 11:32,22468,19304,49.99
1010,2012-04-06 11:32,22259,19147,49.99
1011,2012-04-06 11:32,22287,19169,49.99
1012,2012-04-06 11:32,22279,19163,49.99
1013,2012-04-06 11:32,22244,19136,49.99
1014,2012-04-06 11:32,22646,19431,49.99
1015,2012-04-06 11:32,22382,19242,49.99
1016,2012-04-06 11:32,22530,19348,49.99
1017,2012-04-06 11:32,22341,19210,49.99
1018,2012-04-06 11:32,22550,19362,49.99
1019,2012-04-06 11:32,22578,19381,49.99
1020,2012-04-06 11:32,22960,19652,49.99
1021,2012-04-06 11:32,22880,19597,49.99
1022,2012-04-06 11:32,22783,19530,49.99
1023,2012-04-06 11:32,22742,19499,49.99
1024,2012-04-06 11:32,22262,19150,49.99
1025,2012-04-06 11:32,22528,19346,49.99
1026,2012-04-06 11:32,22548,19360,49.99
1027,2012-04-06 11:32,22332,19203,49.99
1028,2012-04-06 11:32,23085,19742,59.99
1029,2012-04-06 11:32,22822,19557,49.99
1030,2012-04-06 11:32,22878,19596,49.99
1031,2012-04-06 11:32,23035,19709,45.99
1032,2012-04-06 11:32,22790,19535,29.99
1033,2012-04-06 11:32,22688,19463,49.99
1034,2012-04-06 11:32,23051,19720,49.99
1035,2012-04-06 11:32,22964,19655,49.99
1036,2012-04-06 11:32,22502,19327,49.99
1037,2012-04-06 11:32,22893,19604,49.99
1038,2012-04-06 11:32,22509,19333,49.99
1039,2012-04-06 11:32,23132,19776,49.99
1040,2012-04-06 11:32,22440,19284,49.99
1041,2012-04-06 11:32,22396,19253,49.99
1042,2012-04-06 11:32,22381,19241,45.99
1043,2012-04-06 11:32,22368,19232,49.99
1044,2012-04-06 11:32,22384,19243,49.99
1045,2012-04-06 11:32,23135,19778,49.99
1046,2012-04-06 11:32,22767,19518,49.99
1047,2012-04-06 11:32,22987,19673,49.99
1048,2012-04-06 11:32,23031,19706,49.99
1049,2012-04-06 11:32,22967,19657,49.99
1050,2012-04-06 11:32,22428,19275,49.99
1051,2012-04-06 11:32,22557,19367,49.99
1052,2012-04-06 11:32,23067,19731,49.99
1053,2012-04-06 11:32,22806,19546,49.99
1054,2012-04-06 11:32,22507,19331,49.99
1055,2012-04-06 11:32,22746,19502,49.99
1056,2012-04-06 11:32,22508,19332,49.99
1057,2012-04-06 11:32,22826,19560,49.99
1058,2012-04-06 11:32,23136,19779,49.99
1059,2012-04-06 11:32,22448,19290,49.99
1060,2012-04-06 11:32,22423,19271,49.99
1061,2012-04-06 11:32,22417,19267,49.99
1062,2012-04-06 11:32,22710,19476,49.99
1063,2012-04-06 11:32,22848,19576,49.99
1064,2012-04-06 11:32,22896,19606,49.99
1065,2012-04-06 11:32,22906,19613,49.99
1066,2012-04-06 11:32,23208,19834,49.99
1067,2012-04-06 11:32,22730,19490,49.99
1068,2012-04-06 11:32,22812,19551,49.99
1069,2012-04-06 11:32,22612,19405,49.99
1070,2012-04-06 11:32,22522,19343,49.99
1071,2012-04-06 11:32,23064,19729,49.99
1072,2012-04-06 11:32,22556,19366,49.99
1073,2012-04-06 11:32,22479,19312,49.99
1074,2012-04-06 11:32,23104,19757,49.99
1075,2012-04-06 11:32,22531,19349,49.99
1076,2012-04-06 11:32,22825,19559,49.99
1077,2012-04-06 11:32,23017,19695,45.99
1078,2012-04-06 11:32,23166,19801,49.99
1079,2012-04-06 11:32,22605,19399,49.99
1080,2012-04-06 11:32,22743,19500,49.99
1081,2012-04-06 11:32,23335,19930,49.99
1082,2012-04-06 11:32,22533,19351,49.99
1083,2012-04-06 11:32,23359,19947,49.99
1084,2012-04-06 11:32,22804,19544,49.99
1085,2012-04-06 11:32,22696,19468,49.99
1086,2012-04-06 11:32,22516,19339,49.99
1087,2012-04-06 11:32,22543,19357,49.99
1088,2012-04-06 11:32,23411,19983,49.99
1089,2012-04-06 11:32,23123,19770,49.99
1090,2012-04-06 11:32,23171,19805,49.99
1091,2012-04-06 11:32,22585,19385,49.99
1092,2012-04-06 11:32,22753,19507,49.99
1093,2012-04-06 11:32,22772,19522,49.99
1094,2012-04-06 11:32,22859,19583,49.99
1095,2012-04-06 11:32,23202,19829,49.99
1096,2012-04-06 11:32,23323,19922,49.99
1097,2012-04-06 11:32,23446,20008,49.99
1098,2012-04-06 11:32,22840,19570,49.99
1099,2012-04-06 11:32,23464,20020,49.99
1100,2012-04-06 11:32,22873,19592,49.99
1101,2012-04-06 11:32,23236,19855,49.99
1102,2012-04-06 11:32,23189,19820,49.99
1103,2012-04-06 11:32,22691,19465,49.99
1104,2012-04-06 11:32,23256,19871,49.99
1105,2012-04-06 11:32,22768,19518,59.99
1106,2012-04-06 11:32,23296,19900,49.99
1107,2012-04-06 11:32,22865,19587,49.99
1108,2012-04-06 11:32,22821,19556,49.99
1109,2012-04-06 11:32,22924,19627,49.99
1110,2012-04-06 11:32,23203,19830,49.99
1111,2012-04-06 11:32,23026,19702,49.99
1112,2012-04-06 11:32,23093,19748,49.99
1113,2012-04-06 11:32,23526,20067,49.99
1114,2012-04-06 11:32,23573,20101,49.99
1115,2012-04-06 11:32,23590,20115,49.99
1116,2012-04-06 11:32,23215,19840,49.99
1117,2012-04-06 11:32,22989,19674,49.99
1118,2012-04-06 11:32,22916,19620,49.99
1119,2012-04-06 11:32,22935,19634,45.99
1120,2012-04-06 11:32,23102,19756,49.99
1121,2012-04-06 11:32,23096,19751,49.99
1122,2012-04-06 11:32,22846,19575,49.99
1123,2012-04-06 11:32,22811,19550,49.99
1124,2012-04-06 11:32,23227,19848,45.99
1125,2012-04-06 11:32,23152,19791,49.99
1126,2012-04-06 11:32,23238,19856,49.99
1127,2012-04-06 11:32,22979,19666,49.99
1128,2012-04-06 11:32,23691,20192,49.99
1129,2012-04-06 11:32,23061,19727,45.99
1130,2012-04-06 11:32,23513,20058,49.99
1131,2012-04-06 11:32,22892,19603,49.99
1132,2012-04-06 11:32,22961,19653,49.99
1133,2012-04-06 11:32,22993,19678,49.99
1134,2012-04-06 11:32,23358,19946,49.99
1135,2012-04-06 11:32,23611,20131,49.99
1136,2012-04-06 11:32,23454,20013,49.99
1137,2012-04-06 11:32,23146,19787,49.99
1138,2012-04-06 11:32,23056,19723,49.99
1139,2012-04-06 11:32,22845,19574,49.99
1140,2012-04-06 11:32,23661,20171,49.99
1141,2012-04-06 11:32,23564,20094,49.99
1142,2012-04-06 11:32,23229,19850,49.99
1143,2012-04-06 11:32,23674,20181,49.99
1144,2012-04-06 11:32,22931,19632,49.99
1145,2012-04-06 11:32,23632,20148,49.99
1146,2012-04-06 11:32,23232,19853,49.99
1147,2012-04-06 11:32,23469,20024,49.99
1148,2012-04-06 11:32,23046,19716,49.99
1149,2012-04-06 11:32,23313,19915,49.99
1150,2012-04-06 11:32,23726,20216,45.99
1151,2012-04-06 11:32,23536,20075,49.99
1152,2012-04-06 11:32,23244,19862,49.99
1153,2012-04-06 11:32,23023,19700,49.99
1154,2012-04-06 11:32,23809,20276,49.99
1155,2012-04-06 11:32,23777,20254,49.99
1156,2012-04-06 11:32,23538,20076,49.99
1157,2012-04-06 11:32,23005,19688,49.99
1158,2012-04-06 11:32,23765,20245,49.99
1159,2012-04-06 11:32,23869,20322,59.99
1160,2012-04-06 11:32,23178,19810,49.99
1161,2012-04-06 11:32,23276,19885,49.99
1162,2012-04-06 11:32,23521,20064,49.99
1163,2012-04-06 11:32,23565,20095,49.99
1164,2012-04-06 11:32,23292,19898,59.99
1165,2012-04-06 11:32,23420,19988,29.99
1166,2012-04-06 11:32,23569,20098,49.99
1167,2012-04-06 11:32,23147,19788,49.99
1168,2012-04-06 11:32,23355,19944,49.99
1169,2012-04-06 11:32,23459,20016,49.99
1170,2012-04-06 11:32,23288,19894,49.99
1171,2012-04-06 11:32,23673,20180,49.99
1172,2012-04-06 11:32,23697,20196,45.99
1173,2012-04-06 11:32,23251,19867,59.99
1174,2012-04-06 11:32,23728,20217,49.99
1175,2012-04-06 11:32,23613,20133,49.99
1176,2012-04-06 11:32,23644,20158,49.99
1177,2012-04-06 11:32,23609,20129,49.99
1178,2012-04-06 11:32,23309,19912,49.99
1179,2012-04-06 11:32,23560,20091,49.99
1180,2012-04-06 11:32,23226,19848,49.99
1181,2012-04-06 11:32,23600,20122,49.99
1182,2012-04-06 11:32,23687,20189,49.99
1183,2012-04-06 11:32,23928,20364,49.99
1184,2012-04-06 11:32,23711,20205,49.99
1185,2012-04-06 11:32,23403,19978,49.99
1186,2012-04-06 11:32,23305,19909,49.99
1187,2012-04-06 11:32,23524,20066,49.99
1188,2012-04-06 11:32,24079,20479,49.99
1189,2012-04-06 11:32,23770,20249,45.99
1190,2012-04-06 11:32,23604,20125,49.99
1191,2012-04-06 11:32,23746,20231,49.99
1192,2012-04-06 11:32,23500,20049,49.99
1193,2012-04-06 11:32,23804,20273,49.99
1194,2012-04-06 11:32,23701,20199,49.99
1195,2012-04-06 11:32,24200,20568,49.99
1196,2012-04-06 11:32,23593,20117,49.99
1197,2012-04-06 11:32,23596,20119,49.99
1198,2012-04-06 11:32,23610,20130,49.99
1199,2012-04-06 11:32,23732,20220,49.99
1200,2012-04-06 11:32,23579,20105,45.99
1201,2012-04-06 11:32,23693,20193,49.99
1202,2012-04-06 11:32,23511,20057,49.99
1203,2012-04-06 11:32,23714,20207,45.99
1204,2012-04-06 11:32,24189,20560,49.99
1205,2012-04-06 11:32,23699,20198,49.99
1206,2012-04-06 11:32,23559,20090,49.99
1207,2012-04-06 11:32,24304,20645,49.99
1208,2012-04-06 11:32,23645,20159,49.99
1209,2012-04-06 11:32,23769,20248,49.99
1210,2012-04-06 11:32,23703,20200,49.99
1211,2012-04-06 11:32,23890,20337,45.99
1212,2012-04-06 11:32,23664,20174,49.99
1213,2012-04-06 11:32,23798,20268,49.99
1214,2012-04-06 11:32,24307,20647,45.99
1215,2012-04-06 11:32,23741,20228,49.99
1216,2012-04-06 11:32,23785,20260,49.99
1217,2012-04-06 11:32,23751,20235,49.99
1218,2012-04-06 11:32,23774,20251,49.99
1219,2012-04-06 11:32,23850,20306,45.99
1220,2012-04-06 11:32,24214,20578,49.99
1221,2012-04-06 11:32,23761,20242,49.99
1222,2012-04-06 11:32,24575,20837,49.99
1223,2012-04-06 11:32,24445,20744,49.99
1224,2012-04-06 11:32,24610,20861,29.99
1225,2012-04-06 11:32,24263,20611,45.99
1226,2012-04-06 11:32,24299,20640,45.99
1227,2012-04-06 11:32,24531,20805,49.99
1228,2012-04-06 11:32,24213,20577,45.99
1229,2012-04-06 11:32,24205,20571,29.99
1230,2012-04-06 11:32,24333,20664,49.99
1231,2012-04-06 11:32,24187,20559,49.99
1232,2012-04-06 11:32,24750,20966,59.99
1233,2012-04-06 11:32,24488,20775,59.99
1234,2012-04-06 11:32,25060,21192,45.99
1235,2012-04-06 11:32,24953,21113,29.99
1236,2012-04-06 11:32,24365,20686,45.99
1237,2012-04-06 11:32,24258,20609,49.99
1238,2012-04-06 11:32,24658,20897,45.99
1239,2012-04-06 11:32,25013,21156,49.99
1240,2012-04-06 11:32,24670,20906,45.99
1241,2012-04-06 11:32,25056,21190,49.99
1242,2012-04-06 11:32,24422,20729,45.99
1243,2012-04-06 11:32,24553,20821,29.99
1244,2012-04-06 11:32,24637,20882,59.99
1245,2012-04-06 11:32,24986,21138,49.99
1246,2012-04-06 11:32,25053,21187,59.99
1247,2012-04-06 11:32,25168,21270,45.99
1248,2012-04-06 11:32,25258,21334,49.99
1249,2012-04-06 11:32,24999,21146,49.99
1250,2012-04-06 11:32,25446,21473,49.99
1251,2012-04-06 11:32,24773,20982,59.99
1252,2012-04-06 11:32,24925,21095,49.99
1253,2012-04-06 11:32,25066,21197,45.99
1254,2012-04-06 11:32,24835,21028,49.99
1255,2012-04-06 11:32,24625,20872,45.99
1256,2012-04-06 11:32,25530,21539,29.99
1257,2012-04-06 11:32,25407,21444,45.99
1258,2012-04-06 11:32,25199,21293,49.99
1259,2012-04-06 11:32,24951,21112,45.99
1260,2012-04-06 11:32,25024,21165,45.99
1261,2012-04-06 11:32,25809,21741,45.99
1262,2012-04-06 11:32,25316,21378,49.99
1263,2012-04-06 11:32,25763,21708,59.99
1264,2012-04-06 11:32,25171,21273,49.99
1265,2012-04-06 11:32,25234,21317,29.99
1266,2012-04-06 11:32,25769,21712,49.99
1267,2012-04-06 11:32,25812,21743,45.99
1268,2012-04-06 11:32,25180,21278,29.99
1269,2012-04-06 11:32,25418,21453,29.99
1270,2012-04-06 11:32,25925,21826,59.99
1271,2012-04-06 11:32,26119,21976,49.99
1272,2012-04-06 11:32,25497,21510,45.99
1273,2012-04-06 11:32,26091,21957,49.99
1274,2012-04-06 11:32,26434,22204,45.99
1275,2012-04-06 11:32,25629,21607,45.99
1276,2012-04-06 11:32,26393,22175,49.99
1277,2012-04-06 11:32,25741,21692,49.99
1278,2012-04-06 11:32,25686,21651,49.99
1279,2012-04-06 11:32,25734,21687,49.99
1280,2012-04-06 11:32,26025,21906,49.99
1281,2012-04-06 11:32,26007,21892,49.99
1282,2012-04-06 11:32,26178,22018,45.99
1283,2012-04-06 11:32,26822,22483,29.99
1284,2012-04-06 11:32,26311,22114,49.99
1285,2012-04-06 11:32,26745,22429,49.99
1286,2012-04-06 11:32,26674,22382,49.99
1287,2012-04-06 11:32,26544,22280,45.99
1288,2012-04-06 11:32,26451,22216,49.99
1289,2012-04-06 11:32,26708,22403,59.99
1290,2012-04-06 11:32,26349,22143,49.99
1291,2012-04-06 11:32,26688,22390,29.99
1292,2012-04-06 11:32,26302,22108,49.99
1293,2012-04-06 11:32,26548,22283,49.99
1294,2012-04-06 11:32,26644,22359,45.99
1295,2012-04-06 11:32,27184,22752,49.99
1296,2012-04-06 11:32,26722,22411,49.99
1297,2012-04-06 11:32,26931,22560,29.99
1298,2012-04-06 11:32,26860,22511,49.99
1299,2012-04-06 11:32,26913,22547,45.99
1300,2012-04-06 11:32,27139,22717,49.99
1301,2012-04-06 11:32,27606,23063,49.99
1302,2012-04-06 11:32,26887,22532,45.99
1303,2012-04-06 11:32,27029,22634,45.99
1304,2012-04-06 11:32,27822,23215,45.99
1305,2012-04-06 11:32,26878,22526,45.99
1306,2012-04-06 11:32,26985,22598,29.99
1307,2012-04-06 11:32,26918,22551,59.99
1308,2012-04-06 11:32,27211,22773,45.99
1309,2012-04-06 11:32,27299,22836,45.99
1310,2012-04-06 11:32,27158,22731,29.99
1311,2012-04-06 11:32,27813,23208,29.99
1312,2012-04-06 11:32,27474,22966,45.99
1313,2012-04-06 11:32,27345,22869,59.99
1314,2012-04-06 11:32,27135,22714,49.99
1315,2012-04-06 11:32,28074,23402,45.99
1316,2012-04-06 11:32,27503,22986,59.99
1317,2012-04-06 11:32,28199,23496,49.99
1318,2012-04-06 11:32,27554,23026,49.99
1319,2012-04-06 11:32,27303,22839,45.99
1320,2012-04-06 11:32,28002,23347,45.99
1321,2012-04-06 11:32,27630,23080,59.99
1322,2012-04-06 11:32,27853,23239,49.99
1323,2012-04-06 11:32,28051,23386,49.99
1324,2012-04-06 11:32,27964,23321,49.99
1325,2012-04-06 11:32,27356,22879,49.99
1326,2012-04-06 11:32,27824,23217,45.99
1327,2012-04-06 11:32,28161,23467,49.99
1328,2012-04-06 11:32,27741,23157,49.99
1329,2012-04-06 11:32,27666,23107,49.99
1330,2012-04-06 11:32,28180,23482,49.99
1331,2012-04-06 11:32,27858,23242,49.99
1332,2012-04-06 11:32,27953,23312,45.99
1333,2012-04-06 11:32,28238,23526,59.99
1334,2012-04-06 11:32,27868,23251,49.99
1335,2012-04-06 11:32,28389,23634,45.99
1336,2012-04-06 11:32,28034,23374,49.99
1337,2012-04-06 11:32,27800,23200,45.99
1338,2012-04-06 11:32,27965,23321,45.99
1339,2012-04-06 11:32,28153,23460,59.99
1340,2012-04-06 11:32,27895,23272,49.99
1341,2012-04-06 11:32,28842,23973,49.99
1342,2012-04-06 11:32,28639,23822,49.99
1343,2012-04-06 11:32,28776,23924,45.99
1344,2012-04-06 11:32,28170,23475,49.99
1345,2012-04-06 11:32,28940,24043,29.99
1346,2012-04-06 11:32,28700,23868,49.99
1347,2012-04-06 11:32,29304,24308,49.99
1348,2012-04-06 11:32,29476,24433,49.99
1349,2012-04-06 11:32,29245,24265,49.99
1350,2012-04-06 11:32,29530,24472,49.99
1351,2012-04-06 11:32,29553,24490,49.99
1352,2012-04-06 11:32,28832,23967,45.99
1353,2012-04-06 11:32,28893,24012,49.99
1354,2012-04-06 11:32,28285,23559,45.99
1355,2012-04-06 11:32,29631,24544,49.99
1356,2012-04-06 11:32,29115,24172,49.99
1357,2012-04-06 11:32,29777,24646,49.99
1358,2012-04-06 11:32,29672,24573,49.99
1359,2012-04-06 11:32,29624,24538,49.99
1360,2012-04-06 11:32,29928,24751,49.99
1361,2012-04-06 11:32,28530,23741,49.99
1362,2012-04-06 11:32,29654,24561,59.99
1363,2012-04-06 11:32,29745,24624,49.99
1364,2012-04-06 11:32,28345,23604,49.99
1365,2012-04-06 11:32,29275,24286,49.99
1366,2012-04-06 11:32,29737,24618,49.99
1367,2012-04-06 11:32,29372,24356,59.99
1368,2012-04-06 11:32,28600,23792,45.99
1369,2012-04-06 11:32,29425,24398,49.99
1370,2012-04-06 11:32,30016,24816,49.99
1371,2012-04-06 11:32,29912,24740,49.99
1372,2012-04-06 11:32,29445,24413,45.99
1373,2012-04-06 11:32,30062,24852,45.99
1374,2012-04-06 11:32,29549,24486,49.99
1375,2012-04-06 11:32,29407,24385,45.99
1376,2012-04-06 11:32,29083,24150,49.99
1377,2012-04-06 11:32,29118,24174,45.99
1378,2012-04-06 11:32,28680,23852,45.99
1379,2012-04-06 11:32,28622,23809,49.99
1380,2012-04-06 11:32,29804,24666,49.99
1381,2012-04-06 11:32,30213,24966,49.99
1382,2012-04-06 11:32,29518,24463,49.99
1383,2012-04-06 11:32,29529,24471,49.99
1384,2012-04-06 11:32,30209,24963,45.99
1385,2012-04-06 11:32,28880,24003,49.99
1386,2012-04-06 11:32,28823,23961,49.99
1387,2012-04-06 11:32,29247,24266,49.99
1388,2012-04-06 11:32,30217,24969,45.99
1389,2012-04-06 11:32,29588,24514,49.99
1390,2012-04-06 11:32,30422,25117,29.99
1391,2012-04-06 11:32,29978,24785,49.99
1392,2012-04-06 11:32,30341,25058,49.99
1393,2012-04-06 11:32,28788,23932,29.99
1394,2012-04-06 11:32,30399,25099,49.99
1395,2012-04-06 11:32,28809,23950,59.99
1396,2012-04-06 11:32,29505,24453,45.99
1397,2012-04-06 11:32,29060,24132,49.99
1398,2012-04-06 11:32,30361,25070,49.99
1399,2012-04-06 11:32,29531,24472,29.99
1400,2012-04-06 11:32,30070,24858,49.99
1401,2012-04-06 11:32,30553,25214,49.99
1402,2012-04-06 11:32,29759,24633,49.99
1403,2012-04-06 11:32,30058,24848,49.99
1404,2012-04-06 11:32,29806,24667,45.99
1405,2012-04-06 11:32,29265,24278,45.99
1406,2012-04-06 11:32,30350,25063,45.99
1407,2012-04-06 11:32,30545,25206,49.99
1408,2012-04-06 11:32,30517,25186,29.99
1409,2012-04-06 11:32,29217,24246,49.99
1410,2012-04-06 11:32,30844,25444,45.99
1411,2012-04-06 11:32,29480,24436,49.99
1412,2012-04-06 11:32,29557,24493,49.99
1413,2012-04-06 11:32,29652,24560,49.99
1414,2012-04-06 11:32,29691,24586,45.99
1415,2012-04-06 11:32,30221,24972,29.99
1416,2012-04-06 11:32,30946,25521,49.99
1417,2012-04-06 11:32,29746,24625,59.99
1418,2012-04-06 11:32,30129,24900,49.99
1419,2012-04-06 11:32,29838,24689,59.99
1420,2012-04-06 11:32,30920,25502,49.99
1421,2012-04-06 11:32,30266,25003,45.99
1422,2012-04-06 11:32,30855,25452,45.99
1423,2012-04-06 11:32,30205,24959,49.99
1424,2012-04-06 11:32,30512,25182,29.99
1425,2012-04-06 11:32,31303,25790,49.99
1426,2012-04-06 11:32,31132,25663,45.99
1427,2012-04-06 11:32,30911,25496,45.99
1428,2012-04-06 11:32,31187,25705,49.99
1429,2012-04-06 11:32,31674,26060,49.99
1430,2012-04-06 11:32,31502,25935,45.99
1431,2012-04-06 11:32,31647,26040,29.99
1432,2012-04-06 11:32,30983,25549,49.99
1433,2012-04-06 11:32,30849,25448,49.99
1434,2012-04-06 11:32,31400,25861,45.99
1435,2012-04-06 11:32,31102,25640,45.99
1436,2012-04-06 11:32,31562,25980,49.99
1437,2012-04-06 11:32,30881,25474,49.99
1438,2012-04-06 11:32,30489,25165,45.99
1439,2012-04-06 11:32,31573,25987,49.99
1440,2012-04-06 11:32,31707,26084,49.99
1441,2012-04-06 11:32,30996,25558,49.99
1442,2012-04-06 11:32,30810,25420,45.99
1443,2012-04-06 11:32,31863,26207,49.99
1444,2012-04-06 11:32,31361,25833,49.99
1445,2012-04-06 11:32,31380,25848,49.99
1446,2012-04-06 11:32,31037,25590,59.99
1447,2012-04-06 11:32,31239,25743,49.99
1448,2012-04-06 11:32,31739,26109,49.99
1449,2012-04-06 11:32,31580,25992,49.99
1450,2012-04-06 11:32,31949,26270,49.99
1451,2012-04-06 11:32,31868,26211,49.99
1452,2012-04-06 11:32,31379,25847,49.99
1453,2012-04-06 11:32,32116,26396,59.99
1454,2012-04-06 11:32,31853,26199,59.99
1455,2012-04-06 11:32,31614,26017,45.99
1456,2012-04-06 11:32,32135,26410,59.99
1457,2012-04-06 11:32,32215,26475,45.99
1458,2012-04-06 11:32,31168,25691,29.99
1459,2012-04-06 11:32,31316,25799,49.99
1460,2012-04-06 11:32,32222,26480,45.99
1461,2012-04-06 11:32,32321,26556,49.99
1462,2012-04-06 11:32,31228,25735,49.99
1463,2012-04-06 11:32,32250,26503,45.99
1464,2012-04-06 11:32,31375,25844,45.99
1465,2012-04-06 11:32,31367,25838,49.99
1466,2012-04-06 11:32,31867,26210,49.99
1467,2012-04-06 11:32,32236,26492,49.99
1468,2012-04-06 11:32,31869,26212,49.99
1469,2012-04-06 11:32,31861,26205,45.99
1470,2012-04-06 11:32,32154,26424,45.99
1471,2012-04-06 11:32,31769,26131,45.99
1472,2012-04-06 11:32,31702,26080,49.99
1473,2012-04-06 11:32,31539,25964,45.99
1474,2012-04-06 11:32,32419,26633,49.99
1475,2012-04-06 11:32,32078,26365,45.99
1476,2012-04-06 11:32,32628,26781,59.99
1477,2012-04-06 11:32,32171,26439,59.99
1478,2012-04-06 11:32,31741,26111,49.99
1479,2012-04-06 11:32,31689,26070,45.99
1480,2012-04-06 11:32,32574,26742,29.99
1481,2012-04-06 11:32,31825,26175,45.99
1482,2012-04-06 11:32,32113,26393,45.99
1483,2012-04-06 11:32,32610,26769,49.99
1484,2012-04-06 11:32,32340,26570,49.99
1485,2012-04-06 11:32,32175,26442,49.99
1486,2012-04-06 11:32,32404,26621,49.99
1487,2012-04-06 11:32,32452,26656,45.99
1488,2012-04-06 11:32,32095,26378,45.99
1489,2012-04-06 11:32,32903,26987,49.99
1490,2012-04-06 11:32,31983,26294,45.99
1491,2012-04-06 11:32,32705,26835,29.99
1492,2012-04-06 11:32,32746,26867,49.99
1493,2012-04-06 11:32,33274,27263,45.99
1494,2012-04-06 11:32,32838,26934,49.99
1495,2012-04-06 11:32,33209,27214,45.99
1496,2012-04-06 11:32,32673,26814,45.99
1497,2012-04-06 11:32,32500,26692,49.99
1498,2012-04-06 11:32,32273,26522,59.99
1499,2012-04-06 11:32,33080,27121,49.99
1500,2012-04-06 11:32,32389,26608,49.99
1501,2012-04-06 11:32,32871,26961,49.99
1502,2012-04-06 11:32,32479,26675,49.99
1503,2012-04-06 11:32,32960,27030,59.99
1504,2012-04-06 11:32,32819,26919,45.99
1505,2012-04-06 11:32,33000,27061,49.99
1506,2012-04-06 11:32,33002,27062,49.99
1507,2012-04-06 11:32,32536,26717,49.99
1508,2012-04-06 11:32,32898,26982,45.99
1509,2012-04-06 11:32,33546,27469,49.99
1510,2012-04-06 11:32,33195,27202,49.99
1511,2012-04-06 11:32,32657,26802,45.99
1512,2012-04-06 11:32,32592,26757,45.99
1513,2012-04-06 11:32,32783,26895,45.99
1514,2012-04-06 11:32,33074,27116,45.99
1515,2012-04-06 11:32,33502,27437,45.99
1516,2012-04-06 11:32,32831,26928,49.99
1517,2012-04-06 11:32,32971,27037,49.99
1518,2012-04-06 11:32,33130,27161,49.99
1519,2012-04-06 11:32,33613,27519,45.99
1520,2012-04-06 11:32,33801,27658,29.99
1521,2012-04-06 11:32,34114,27892,49.99
1522,2012-04-06 11:32,34007,27812,49.99
1523,2012-04-06 11:32,34081,27867,49.99
1524,2012-04-06 11:32,33945,27765,45.99
1525,2012-04-06 11:32,33750,27622,49.99
1526,2012-04-06 11:32,33001,27061,45.99
1527,2012-04-06 11:32,33508,27441,45.99
1528,2012-04-06 11:32,33200,27207,49.99
1529,2012-04-06 11:32,33884,27722,49.99
1530,2012-04-06 11:32,33823,27674,59.99
1531,2012-04-06 11:32,33820,27671,49.99
1532,2012-04-06 11:32,34275,28008,29.99
1533,2012-04-06 11:32,34194,27951,49.99
1534,2012-04-06 11:32,34218,27969,45.99
1535,2012-04-06 11:32,33434,27382,49.99
1536,2012-04-06 11:32,34350,28063,49.99
1537,2012-04-06 11:32,33759,27628,45.99
1538,2012-04-06 11:32,34061,27851,49.99
1539,2012-04-06 11:32,33765,27632,49.99
1540,2012-04-06 11:32,33644,27539,49.99
1541,2012-04-06 11:32,33896,27729,45.99
1542,2012-04-06 11:32,33919,27746,59.99
1543,2012-04-06 11:32,33610,27518,49.99
1544,2012-04-06 11:32,33457,27403,59.99
1545,2012-04-06 11:32,33497,27433,49.99
1546,2012-04-06 11:32,34242,27985,45.99
1547,2012-04-06 11:32,33854,27698,49.99
1548,2012-04-06 11:32,34514,28177,49.99
1549,2012-04-06 11:32,34272,28005,59.99
1550,2012-04-06 11:32,34417,28108,49.99
1551,2012-04-06 11:32,34392,28091,45.99
1552,2012-04-06 11:32,34363,28071,45.99
1553,2012-04-06 11:32,34565,28215,45.99
1554,2012-04-06 11:32,34539,28196,49.99
1555,2012-04-06 11:32,34064,27853,49.99
1556,2012-04-06 11:32,34117,27894,49.99
1557,2012-04-06 11:32,33922,27749,45.99
1558,2012-04-06 11:32,34368,28074,49.99
1559,2012-04-06 11:32,34446,28129,45.99
1560,2012-04-06 11:32,34010,27814,49.99
1561,2012-04-06 11:32,34969,28519,49.99
1562,2012-04-06 11:32,34463,28141,49.99
1563,2012-04-06 11:32,34634,28267,45.99
1564,2012-04-06 11:32,35211,28699,45.99
1565,2012-04-06 11:32,35352,28798,45.99
1566,2012-04-06 11:32,34973,28521,49.99
1567,2012-04-06 11:32,34184,27943,59.99
1568,2012-04-06 11:32,34573,28220,49.99
1569,2012-04-06 11:32,34743,28349,49.99
1570,2012-04-06 11:32,35378,28816,49.99
1571,2012-04-06 11:32,34662,28286,49.99
1572,2012-04-06 11:32,34876,28445,29.99
1573,2012-04-06 11:32,35320,28776,49.99
1574,2012-04-06 11:32,34352,28064,59.99
1575,2012-04-06 11:32,35120,28631,49.99
1576,2012-04-06 11:32,34618,28254,29.99
1577,2012-04-06 11:32,35180,28677,49.99
1578,2012-04-06 11:32,35361,28803,49.99
1579,2012-04-06 11:32,35237,28717,49.99
1580,2012-04-06 11:32,35285,28749,45.99
1581,2012-04-06 11:32,35360,28802,29.99
1582,2012-04-06 11:32,34604,28243,45.99
1583,2012-04-06 11:32,34590,28233,59.99
1584,2012-04-06 11:32,34624,28260,59.99
1585,2012-04-06 11:32,35531,28922,29.99
1586,2012-04-06 11:32,34845,28423,29.99
1587,2012-04-06 11:32,35752,29086,45.99
1588,2012-04-06 11:32,35455,28872,49.99
1589,2012-04-06 11:32,34978,28526,45.99
1590,2012-04-06 11:32,35603,28976,45.99
1591,2012-04-06 11:32,35842,29155,59.99
1592,2012-04-06 11:32,35756,29089,45.99
1593,2012-04-06 11:32,36124,29367,49.99
1594,2012-04-06 11:32,35421,28847,49.99
1595,2012-04-06 11:32,35340,28790,49.99
1596,2012-04-06 11:32,35071,28594,45.99
1597,2012-04-06 11:32,35708,29050,45.99
1598,2012-04-06 11:32,35167,28668,45.99
1599,2012-04-06 11:32,36118,29363,49.99
1600,2012-04-06 11:32,35424,28849,49.99
1601,2012-04-06 11:32,35915,29214,49.99
1602,2012-04-06 11:32,35162,28663,59.99
1603,2012-04-06 11:32,35359,28802,49.99
1604,2012-04-06 11:32,35929,29223,49.99
1605,2012-04-06 11:32,35250,28727,49.99
1606,2012-04-06 11:32,36295,29495,45.99
1607,2012-04-06 11:32,35436,28858,45.99
1608,2012-04-06 11:32,35704,29048,49.99
1609,2012-04-06 11:32,36844,29933,49.99
1610,2012-04-06 11:32,36285,29488,29.99
1611,2012-04-06 11:32,35773,29103,45.99
1612,2012-04-06 11:32,36132,29372,45.99
1613,2012-04-06 11:32,36417,29594,49.99
1614,2012-04-06 11:32,36111,29359,49.99
1615,2012-04-06 11:32,36744,29855,49.99
1616,2012-04-06 11:32,35762,29093,49.99
1617,2012-04-06 11:32,35757,29090,49.99
1618,2012-04-06 11:32,36794,29895,59.99
1619,2012-04-06 11:32,36519,29675,59.99
1620,2012-04-06 11:32,36172,29403,49.99
1621,2012-04-06 11:32,37052,30100,59.99
1622,2012-04-06 11:32,36304,29503,49.99
1623,2012-04-06 11:32,36884,29964,59.99
1624,2012-04-06 11:32,36366,29550,59.99
1625,2012-04-06 11:32,36019,29292,45.99
1626,2012-04-06 11:32,36362,29547,49.99
1627,2012-04-06 11:32,37379,30344,49.99
1628,2012-04-06 11:32,37287,30279,49.99
1629,2012-04-06 11:32,36454,29624,49.99
1630,2012-04-06 11:32,36871,29953,49.99
1631,2012-04-06 11:32,36821,29916,59.99
1632,2012-04-06 11:32,37523,30450,49.99
1633,2012-04-06 11:32,36271,29478,49.99
1634,2012-04-06 11:32,36729,29843,45.99
1635,2012-04-06 11:32,37098,30134,49.99
1636,2012-04-06 11:32,36996,30054,49.99
1637,2012-04-06 11:32,36917,29990,45.99
1638,2012-04-06 11:32,36341,29530,59.99
1639,2012-04-06 11:32,37266,30263,49.99
1640,2012-04-06 11:32,37121,30151,49.99
1641,2012-04-06 11:32,36717,29833,45.99
1642,2012-04-06 11:32,37316,30300,49.99
1643,2012-04-06 11:32,37513,30444,29.99
1644,2012-04-06 11:32,37300,30288,49.99
1645,2012-04-06 11:32,36971,30034,49.99
1646,2012-04-06 11:32,38070,30858,59.99
1647,2012-04-06 11:32,37411,30367,49.99
1648,2012-04-06 11:32,38100,30878,59.99
1649,2012-04-06 11:32,37904,30731,45.99
1650,2012-04-06 11:32,37416,30371,49.99
1651,2012-04-06 11:32,37861,30699,45.99
1652,2012-04-06 11:32,38054,30844,29.99
1653,2012-04-06 11:32,37450,30397,49.99
1654,2012-04-06 11:32,37924,30746,45.99
1655,2012-04-06 11:32,38083,30867,29.99
1656,2012-04-06 11:32,38166,30931,45.99
1657,2012-04-06 11:32,37663,30553,45.99
1658,2012-04-06 11:32,38168,30933,59.99
1659,2012-04-06 11:32,38340,31066,49.99
1660,2012-04-06 11:32,37598,30509,29.99
1661,2012-04-06 11:32,38229,30977,29.99
1662,2012-04-06 11:32,38055,30845,49.99
1663,2012-04-06 11:32,38425,31132,49.99
1664,2012-04-06 11:32,38397,31113,49.99
1665,2012-04-06 11:32,37784,30641,49.99
1666,2012-04-06 11:32,38179,30941,45.99
1667,2012-04-06 11:32,38010,30810,49.99
1668,2012-04-06 11:32,37568,30486,49.99
1669,2012-04-06 11:32,37686,30571,49.99
1670,2012-04-06 11:32,38667,31311,49.99
1671,2012-04-06 11:32,38107,30884,49.99
1672,2012-04-06 11:32,38129,30901,45.99
1673,2012-04-06 11:32,37886,30718,45.99
1674,2012-04-06 11:32,38356,31078,45.99
1675,2012-04-06 11:32,38627,31283,45.99
1676,2012-04-06 11:32,38309,31040,49.99
1677,2012-04-06 11:32,38287,31023,29.99
1678,2012-04-06 11:32,37891,30722,49.99
1679,2012-04-06 11:32,38195,30952,45.99
1680,2012-04-06 11:32,38000,30804,29.99
1681,2012-04-06 11:32,38492,31181,49.99
1682,2012-04-06 11:32,38896,31486,49.99
1683,2012-04-06 11:32,38090,30872,45.99
1684,2012-04-06 11:32,38900,31489,45.99
1685,2012-04-06 11:32,38494,31183,45.99
1686,2012-04-06 11:32,39003,31561,59.99
1687,2012-04-06 11:32,38593,31256,29.99
1688,2012-04-06 11:32,38274,31014,49.99
1689,2012-04-06 11:32,39092,31622,49.99
1690,2012-04-06 11:32,39026,31578,49.99
1691,2012-04-06 11:32,39225,31720,49.99
1692,2012-04-06 11:32,39113,31638,45.99
1693,2012-04-06 11:32,39475,31905,45.99
1694,2012-04-06 11:32,38700,31335,49.99
1695,2012-04-06 11:32,39585,31984,49.99
1696,2012-04-06 11:32,38851,31449,49.99
1697,2012-04-06 11:32,38427,31133,49.99
1698,2012-04-06 11:32,39194,31695,49.99
1699,2012-04-06 11:32,38625,31281,49.99
1700,2012-04-06 11:32,38897,31486,45.99
1701,2012-04-06 11:32,39663,32043,45.99
1702,2012-04-06 11:32,38955,31527,29.99
1703,2012-04-06 11:32,38605,31266,49.99
1704,2012-04-06 11:32,38978,31545,45.99
1705,2012-04-06 11:32,39486,31914,59.99
1706,2012-04-06 11:32,39029,31579,45.99
1707,2012-04-06 11:32,38940,31517,49.99
1708,2012-04-06 11:32,38802,31412,45.99
1709,2012-04-06 11:32,39546,31957,49.99
1710,2012-04-06 11:32,39705,32072,49.99
1711,2012-04-06 11:32,39199,31699,45.99
1712,2012-04-06 11:32,39696,32065,49.99
1713,2012-04-06 11:32,39189,31690,49.99
1714,2012-04-06 11:32,39172,31678,45.99
1715,2012-04-06 11:32,39813,32152,49.99
1716,2012-04-06 11:32,39278,31760,45.99
1717,2012-04-06 11:32,39713,32077,59.99
1718,2012-04-06 11:32,39428,31871,49.99
1719,2012-04-06 11:32,39370,31830,45.99
1720,2012-04-06 11:32,39243,31733,59.99
1721,2012-04-06 11:32,39680,32055,45.99
1722,2012-04-06 11:32,39860,32191,49.99
1723,2012-04-06 11:32,39674,32051,45.99
1724,2012-04-06 11:32,39819,32156,45.99
1725,2012-04-06 11:32,39449,31884,49.99
1726,2012-04-06 11:32,39759,32111,49.99
1727,2012-04-06 11:32,39950,32255,59.99
1728,2012-04-06 11:32,39671,32049,49.99
1729,2012-04-06 11:32,39729,32090,49.99
1730,2012-04-06 11:32,39717,32079,59.99
1731,2012-04-06 11:32,39947,32252,45.99
